published,airdate,airtime,duration,episode,name,summary,description,file,bytes,explicit,block,image,caption,source
no,,"","","",0030,Growin A Beard,"",,growin-a-beard,,no,no,,,podcast
no,la-la-la,"","","",0031,La La La,,,,,no,no,,,podcast
no,seasons-freakings,"","","",0032,Seasons Freakings,,,,,no,no,,,podcast
no,,"","","",0033,El Clavo La Cruz,"",,el-clavo-la-cruz,,no,no,,,podcast
no,old-fashioned-speed,"","","",0034,Old Fashioned Speed,,,,,no,no,,,podcast
no,hiker-atlas,"","","",0035,Hiker Atlas,,,,,no,no,,,podcast
no,antifreeze,"","","",0036,Antifreeze,,,,,no,no,,,podcast
no,you-told-a-lie,"","","",0037,You Told A Lie,,,,,no,no,,,podcast
no,doomsday,"","","",0038,Doomsday,,,,,no,no,,,podcast
no,under-the-waves,"","","",0039,Under The Waves,,,,,no,no,,,podcast
no,solid-gold,"","","",0040,Solid Gold,,,,,no,no,,,podcast
no,silence-is-golden,"","","",0041,Silence Is Golden,,,,,no,no,,,podcast
no,your-mexican-restaurant,"","","",0042,Your Mexican Restaurant,,,,,no,no,,,podcast
no,donkey-for-your-love,"","","",0043,Donkey For Your Love,,,,,no,no,,,podcast
no,kid-on-my-shoulders,"","","",0044,Kid On My Shoulders,,,,,no,no,,,podcast
no,update-your-blog,"","","",0045,Update Your Blog,,,,,no,no,,,podcast
no,mexican-hit-squad,"","","",0046,Mexican Hit Squad,,,,,no,no,,,podcast
no,nonsensical,"","","",0047,Nonsensical,,,,,no,no,,,podcast
no,we-came-to-score,"","","",0048,We Came To Score,,,,,no,no,,,podcast
no,the-bank-and-trust,"","","",0049,The Bank And Trust,,,,,no,no,,,podcast
no,some-like-it-hot,"","","",0050,Some Like It Hot,,,,,no,no,,,podcast
no,,"","","",0051,Aint No Rest,"",,aint-no-rest,,no,no,,,podcast
no,shadow-people,"","","",0052,Shadow People,,,,,no,no,,,podcast
no,,"","","",0053,Its Love,"",,its-love,,no,no,,,podcast
no,i-like-my-pulse,"","","",0054,I Like My Pulse,,,,,no,no,,,podcast
no,i-have-a-dream,"","","",0055,I Have A Dream,,,,,no,no,,,podcast
no,hey-boy-get-off-my-ferns,"","","",0056,Hey Boy Get Off My Ferns,,,,,no,no,,,podcast
no,teacher-teacher,"","","",0057,Teacher Teacher,,,,,no,no,,,podcast
no,scissor-runner,"","","",0058,Scissor Runner,,,,,no,no,,,podcast
no,make-them-like-it,"","","",0059,Make Them Like It,,,,,no,no,,,podcast
no,strict-machine,"","","",0060,Strict Machine,,,,,no,no,,,podcast
no,sleeping-with-girls,"","","",0061,Sleeping With Girls,,,,,no,no,,,podcast
no,i-love-only-you,"","","",0062,I Love Only You,,,,,no,no,,,podcast
no,introduction,"","","",0063,Introduction,,,,,no,no,,,podcast
no,i-know,"","","",0064,I Know,,,,,no,no,,,podcast
no,dibidy-dop,"","","",0065,Dibidy Dop,,,,,no,no,,,podcast
no,suddenly-upsidedown,"","","",0066,Suddenly Upsidedown,,,,,no,no,,,podcast
no,prisencolinensinaiciusol,"","","",0067,Prisencolinensinaiciusol,,,,,no,no,,,podcast
no,sometimes,"","","",0068,Sometimes,,,,,no,no,,,podcast
no,heart,"","","",0069,Heart,,,,,no,no,,,podcast
no,zebra,"","","",0070,Zebra,,,,,no,no,,,podcast
no,hov,"","","",0071,Hov,,,,,no,no,,,podcast
no,sprawl,"","","",0072,Sprawl,,,,,no,no,,,podcast
no,tongue-clucking-grammarian,"","","",0073,Tongue Clucking Grammarian,,,,,no,no,,,podcast
no,where-is-my-mind,"","","",0074,Where Is My Mind,,,,,no,no,,,podcast
no,blue-eyed-black-boy,"","","",0075,Blue Eyed Black Boy,,,,,no,no,,,podcast
no,golden-phone,"","","",0076,Golden Phone,,,,,no,no,,,podcast
no,no-room-to-live,"","","",0077,No Room To Live,,,,,no,no,,,podcast
no,magnetize-your-food,"","","",0078,Magnetize Your Food,,,,,no,no,,,podcast
no,the-ice-of-boston,"","","",0079,The Ice Of Boston,,,,,no,no,,,podcast
no,snake-mistakes,"","","",0080,Snake Mistakes,,,,,no,no,,,podcast
no,lamentation-walloo,"","","",0081,Lamentation Walloo,,,,,no,no,,,podcast
no,need-seed,"","","",0082,Need Seed,,,,,no,no,,,podcast
no,radio-apeshot,"","","",0083,Radio Apeshot,,,,,no,no,,,podcast
no,how-about-the-boys,"","","",0084,How About The Boys,,,,,no,no,,,podcast
no,zorbing,"","","",0085,Zorbing,,,,,no,no,,,podcast
no,badge,"","","",0086,Badge,,,,,no,no,,,podcast
no,bike-thief,"","","",0087,Bike Thief,,,,,no,no,,,podcast
no,moleslica,"","","",0088,Moleslica,,,,,no,no,,,podcast
no,,"","","",0089,Dont Go To Liverpool,"",,dont-go-to-liverpool,,no,no,,,podcast
no,wfit,2008-09-09,22:00,02:00:00,,"Playlist for September 9, 2008",,,,,no,no,,,wfit
no,wfit,2008-09-16,22:00,02:00:00,,"Playlist for September 16, 2008",,,,,no,no,,,wfit
no,wfit,2008-09-23,22:00,02:00:00,,"Playlist for September 23, 2008",,,,,no,no,,,wfit
no,wfit,2008-09-30,22:00,02:00:00,,"Playlist for September 30, 2008",,,,,no,no,,,wfit
no,wfit,2008-10-07,22:00,02:00:00,,"Playlist for October 7, 2008",,,,,no,no,,,wfit
no,wfit,2008-10-14,22:00,02:00:00,,"Playlist for October 14, 2008",,,,,no,no,,,wfit
no,wfit,2008-10-21,22:00,02:00:00,,"Playlist for October 21, 2008",,,,,no,no,,,wfit
no,wfit,2008-10-28,22:00,02:00:00,,"Playlist for October 28, 2008",,,,,no,no,,,wfit
no,wfit,2008-11-04,22:00,02:00:00,,"Playlist for November 4, 2008",,,,,no,no,,,wfit
no,wfit,2008-11-11,22:00,02:00:00,,"Playlist for November 11, 2008",,,,,no,no,,,wfit
no,wfit,2008-11-18,22:00,02:00:00,,"Playlist for November 18, 2008",,,,,no,no,,,wfit
no,wfit,2008-11-25,22:00,02:00:00,,"Playlist for November 25, 2008",,,,,no,no,,,wfit
no,wfit,2008-12-02,22:00,02:00:00,,"Playlist for December 2, 2008",,,,,no,no,,,wfit
no,wfit,2008-12-09,22:00,02:00:00,,"Playlist for December 9, 2008",,,,,no,no,,,wfit
no,wfit,2008-12-16,22:00,02:00:00,,"Playlist for December 16, 2008",,,,,no,no,,,wfit
no,wfit,2008-12-23,22:00,02:00:00,,"Playlist for December 23, 2008",,,,,no,no,,,wfit
no,wfit,2008-12-30,22:00,02:00:00,,"Playlist for December 30, 2008",,,,,no,no,,,wfit
no,wfit,2009-01-06,22:00,02:00:00,,"Playlist for January 6, 2009",,,,,no,no,,,wfit
no,wfit,2009-01-13,22:00,02:00:00,,"Playlist for January 13, 2009",,,,,no,no,,,wfit
no,wfit,2009-01-20,22:00,02:00:00,,"Playlist for January 20, 2009",,,,,no,no,,,wfit
no,wfit,2009-01-27,22:00,02:00:00,,"Playlist for January 27, 2009",,,,,no,no,,,wfit
no,wfit,2009-02-03,22:00,02:00:00,,"Playlist for February 3, 2009",,,,,no,no,,,wfit
no,wfit,2009-02-10,22:00,02:00:00,,"Playlist for February 10, 2009",,,,,no,no,,,wfit
no,wfit,2009-02-17,22:00,02:00:00,,"Playlist for February 17, 2009",,,,,no,no,,,wfit
no,wfit,2009-02-24,22:00,02:00:00,,"Playlist for February 24, 2009",,,,,no,no,,,wfit
no,wfit,2009-03-03,22:00,02:00:00,,"Playlist for March 3, 2009",,,,,no,no,,,wfit
no,wfit,2009-03-10,22:00,02:00:00,,"Playlist for March 10, 2009",,,,,no,no,,,wfit
no,wfit,2009-03-17,22:00,02:00:00,,"Playlist for March 17, 2009",,,,,no,no,,,wfit
no,wfit,2009-03-24,22:00,02:00:00,,"Playlist for March 24, 2009",,,,,no,no,,,wfit
no,quiver-of-grain,2009-03-28,00:00,"",0001,Quiver Of Grain,"March 28, 2009",,,,no,no,,,podcast
no,que-onda-guero,2009-03-31,00:00,"",0002,Que Onda Guero,"March 31, 2009",,,,no,no,,,podcast
no,wfit,2009-03-31,22:00,02:00:00,,"Playlist for March 31, 2009",,,,,no,no,,,wfit
no,i-got-a-message-for-you,2009-04-04,00:00,"",0003,I Got A Message For You,"April 4, 2009",,,,no,no,,,podcast
no,my-heart-beats,2009-04-07,00:00,"",0004,My Heart Beats,"April 7, 2009",,,,no,no,,,podcast
no,wfit,2009-04-07,22:00,02:00:00,,"Playlist for April 7, 2009",,,,,no,no,,,wfit
no,tortapapir,2009-04-11,00:00,"",0005,Tortapapir,"April 11, 2009",,,,no,no,,,podcast
no,im-your-mom,2009-04-14,00:00,"",0006,Im Your Mom,"April 14, 2009",,,,no,no,,,podcast
no,wfit,2009-04-14,22:00,02:00:00,,"Playlist for April 14, 2009",,,,,no,no,,,wfit
no,how-do-you-work-this-thing,2009-04-18,00:00,"",0007,How Do You Work This Thing,"April 18, 2009",,,,no,no,,,podcast
no,the 59,2009-04-21,00:00,"",0008,The 59,"April 21, 2009",,,,no,no,,,podcast
no,wfit,2009-04-21,22:00,02:00:00,,"Playlist for April 21, 2009",,,,,no,no,,,wfit
no,wfit,2009-04-28,22:00,02:00:00,,"Playlist for April 28, 2009",,,,,no,no,,,wfit
no,k155-m3,2009-05-05,00:00,"",0009,K155 M3,"May 5, 2009",,,,no,no,,,podcast
no,wfit,2009-05-05,22:00,02:00:00,,"Playlist for May 5, 2009",,,,,no,no,,,wfit
no,sandlot-shuffle,2009-05-09,00:00,"",0010,Sandlot Shuffle,"May 9, 2009",,,,no,no,,,podcast
no,wfit,2009-05-12,22:00,02:00:00,,"Playlist for May 12, 2009",,,,,no,no,,,wfit
no,wfit,2009-05-13,22:00,02:00:00,,"Playlist for May 13, 2009",,,,,no,no,,,wfit
no,wfit,2009-05-19,22:00,02:00:00,,"Playlist for May 19, 2009",,,,,no,no,,,wfit
no,wfit,2009-05-26,22:00,02:00:00,,"Playlist for May 26, 2009",,,,,no,no,,,wfit
no,wfit,2009-06-02,22:00,02:00:00,,"Playlist for June 2, 2009",,,,,no,no,,,wfit
no,wfit,2009-06-09,22:00,02:00:00,,"Playlist for June 9, 2009",,,,,no,no,,,wfit
no,wfit,2009-06-16,22:00,02:00:00,,"Playlist for June 16, 2009",,,,,no,no,,,wfit
no,wfit,2009-06-23,22:00,02:00:00,,"Playlist for June 23, 2009",,,,,no,no,,,wfit
no,wfit,2009-06-30,22:00,02:00:00,,"Playlist for June 30, 2009",,,,,no,no,,,wfit
no,wfit,2009-07-07,22:00,02:00:00,,"Playlist for July 7, 2009",,,,,no,no,,,wfit
no,wfit,2009-07-14,22:00,02:00:00,,"Playlist for July 14, 2009",,,,,no,no,,,wfit
no,wfit,2009-07-21,22:00,02:00:00,,"Playlist for July 21, 2009",,,,,no,no,,,wfit
no,wfit,2009-07-28,22:00,02:00:00,,"Playlist for July 28, 2009",,,,,no,no,,,wfit
no,wfit,2009-08-04,22:00,02:00:00,,"Playlist for August 4, 2009",,,,,no,no,,,wfit
no,slave-labor,2009-08-06,00:00,"",0011,Slave Labor,"August 6, 2009",,,,no,no,,,podcast
no,under-wraps,2009-08-08,00:00,"",0012,Under Wraps,"August 8, 2009",,,,no,no,,,podcast
no,wfit,2009-08-11,22:00,02:00:00,,"Playlist for August 11, 2009",,,,,no,no,,,wfit
no,polite-dance-song,2009-08-13,00:00,"",0013,Polite Dance Song,"August 13, 2009",,,,no,no,,,podcast
no,ukulele-lady,2009-08-16,00:00,"",0014,Ukulele Lady,"August 16, 2009",,,,no,no,,,podcast
no,wfit,2009-08-18,22:00,02:00:00,,"Playlist for August 18, 2009",,,,,no,no,,,wfit
no,siberia,2009-08-20,00:00,"",0015,Siberia,"August 20, 2009",,,,no,no,,,podcast
no,disko-partizani,2009-08-23,00:00,"",0016,Disko Partizani,"August 23, 2009",,,,no,no,,,podcast
no,wfit,2009-08-25,22:00,02:00:00,,"Playlist for August 25, 2009",,,,,no,no,,,wfit
no,clockout,2009-08-28,00:00,"",0017,Clockout,"August 28, 2009",,,,no,no,,,podcast
no,wfit,2009-09-01,22:00,02:00:00,,"Playlist for September 1, 2009",,,,,no,no,,,wfit
no,alocatel,2009-09-04,00:00,"",0018,Alocatel,"September 4, 2009",,,,no,no,,,podcast
no,real-good,2009-09-08,00:00,"",0022,Real Good,"September 8, 2009",,,,no,no,,,podcast
no,,2009-09-08,00:00,"",0022,Real Good,"September 8, 2009",,real-good,,no,no,,,podcast
no,wfit,2009-09-08,22:00,02:00:00,,"Playlist for September 8, 2009",,,,,no,no,,,wfit
no,web-in-front,2009-09-11,00:00,"",0020,Web In Front,"September 11, 2009",,,,no,no,,,podcast
no,along-the-way,2009-09-15,00:00,"",0021,Along The Way,"September 15, 2009",,,,no,no,,,podcast
no,wfit,2009-09-15,22:00,02:00:00,,"Playlist for September 15, 2009",,,,,no,no,,,wfit
no,something-better,2009-09-22,00:00,"",0023,Something Better,"September 22, 2009",,,,no,no,,,podcast
no,wfit,2009-09-22,22:00,02:00:00,,"Playlist for September 22, 2009",,,,,no,no,,,wfit
no,back-and-forth,2009-09-25,00:00,"",0024,Back And Forth,"September 25, 2009",,,,no,no,,,podcast
no,wfit,2009-09-29,22:00,02:00:00,,"Playlist for September 29, 2009",,,,,no,no,,,wfit
no,wfit,2009-10-06,22:00,02:00:00,,"Playlist for October 6, 2009",,,,,no,no,,,wfit
no,wfit,2009-10-13,22:00,02:00:00,,"Playlist for October 13, 2009",,,,,no,no,,,wfit
no,propane,2009-10-20,00:00,"",0025,Propane,"October 20, 2009",,,,no,no,,,podcast
no,wfit,2009-10-20,22:00,02:00:00,,"Playlist for October 20, 2009",,,,,no,no,,,wfit
no,wfit,2009-10-27,22:00,02:00:00,,"Playlist for October 27, 2009",,,,,no,no,,,wfit
no,wfit,2009-11-03,22:00,02:00:00,,"Playlist for November 3, 2009",,,,,no,no,,,wfit
no,wfit,2009-11-10,22:00,02:00:00,,"Playlist for November 10, 2009",,,,,no,no,,,wfit
no,silver-or-lead,2009-11-11,00:00,"",0026,Silver Or Lead,"November 11, 2009",,,,no,no,,,podcast
no,ranking-full-stop,2009-11-13,00:00,"",0027,Ranking Full Stop,"November 13, 2009",,,,no,no,,,podcast
no,the-rabbit,2009-11-17,00:00,"",0028,The Rabbit,"November 17, 2009",,,,no,no,,,podcast
no,wfit,2009-11-17,22:00,02:00:00,,"Playlist for November 17, 2009",,,,,no,no,,,wfit
no,sticky-dew,2009-11-20,00:00,"",0029,Sticky Dew,"November 20, 2009",,,,no,no,,,podcast
no,wfit,2009-12-01,22:00,02:00:00,,"Playlist for December 1, 2009",,,,,no,no,,,wfit
no,wfit,2009-12-08,22:00,02:00:00,,"Playlist for December 8, 2009",,,,,no,no,,,wfit
no,wfit,2009-12-15,22:00,02:00:00,,"Playlist for December 15, 2009",,,,,no,no,,,wfit
no,wfit,2009-12-22,22:00,02:00:00,,"Playlist for December 22, 2009",,,,,no,no,,,wfit
no,wfit,2009-12-29,22:00,02:00:00,,"Playlist for December 29, 2009",,,,,no,no,,,wfit
no,wfit,2010-01-05,22:00,02:00:00,,"Playlist for January 5, 2010",,,,,no,no,,,wfit
no,wfit,2010-01-12,22:00,02:00:00,,"Playlist for January 12, 2010",,,,,no,no,,,wfit
no,wfit,2010-01-19,22:00,02:00:00,,"Playlist for January 19, 2010",,,,,no,no,,,wfit
no,wfit,2010-01-26,22:00,02:00:00,,"Playlist for January 26, 2010",,,,,no,no,,,wfit
no,wfit,2010-02-02,22:00,02:00:00,,"Playlist for February 2, 2010",,,,,no,no,,,wfit
no,wfit,2010-02-09,22:00,02:00:00,,"Playlist for February 9, 2010",,,,,no,no,,,wfit
no,wfit,2010-02-16,22:00,02:00:00,,"Playlist for February 16, 2010",,,,,no,no,,,wfit
no,wfit,2010-02-23,22:00,02:00:00,,"Playlist for February 23, 2010",,,,,no,no,,,wfit
no,wfit,2010-03-02,22:00,02:00:00,,"Playlist for March 2, 2010",,,,,no,no,,,wfit
no,wfit,2010-03-09,22:00,02:00:00,,"Playlist for March 9, 2010",,,,,no,no,,,wfit
no,wfit,2010-03-16,22:00,02:00:00,,"Playlist for March 16, 2010",,,,,no,no,,,wfit
no,wfit,2010-03-23,22:00,02:00:00,,"Playlist for March 23, 2010",,,,,no,no,,,wfit
no,wfit,2010-03-30,22:00,02:00:00,,"Playlist for March 30, 2010",,,,,no,no,,,wfit
no,wfit,2010-04-06,22:00,02:00:00,,"Playlist for April 6, 2010",,,,,no,no,,,wfit
no,wfit,2010-04-13,22:00,02:00:00,,"Playlist for April 13, 2010",,,,,no,no,,,wfit
no,wfit,2010-04-20,22:00,02:00:00,,"Playlist for April 20, 2010",,,,,no,no,,,wfit
no,wfit,2010-04-27,22:00,02:00:00,,"Playlist for April 27, 2010",,,,,no,no,,,wfit
no,wfit,2010-05-04,22:00,02:00:00,,"Playlist for May 4, 2010",,,,,no,no,,,wfit
no,wfit,2010-05-11,22:00,02:00:00,,"Playlist for May 11, 2010",,,,,no,no,,,wfit
no,wfit,2010-05-18,22:00,02:00:00,,"Playlist for May 18, 2010",,,,,no,no,,,wfit
no,wfit,2010-05-25,22:00,02:00:00,,"Playlist for May 25, 2010",,,,,no,no,,,wfit
no,wfit,2010-06-01,22:00,02:00:00,,"Playlist for June 1, 2010",,,,,no,no,,,wfit
no,wfit,2010-06-08,22:00,02:00:00,,"Playlist for June 8, 2010",,,,,no,no,,,wfit
no,wfit,2010-06-15,22:00,02:00:00,,"Playlist for June 15, 2010",,,,,no,no,,,wfit
no,wfit,2010-06-22,22:00,02:00:00,,"Playlist for June 22, 2010",,,,,no,no,,,wfit
no,wfit,2010-06-29,22:00,02:00:00,,"Playlist for June 29, 2010",,,,,no,no,,,wfit
no,wfit,2010-08-03,22:00,02:00:00,,"Playlist for August 3, 2010",,,,,no,no,,,wfit
no,wfit,2010-08-10,22:00,02:00:00,,"Playlist for August 10, 2010",,,,,no,no,,,wfit
no,wfit,2010-08-17,22:00,02:00:00,,"Playlist for August 17, 2010",,,,,no,no,,,wfit
no,wfit,2010-08-24,22:00,02:00:00,,"Playlist for August 24, 2010",,,,,no,no,,,wfit
no,wfit,2010-08-31,22:00,02:00:00,,"Playlist for August 31, 2010",,,,,no,no,,,wfit
no,wfit,2010-09-07,22:00,02:00:00,,"Playlist for September 7, 2010",,,,,no,no,,,wfit
no,wfit,2010-09-14,22:00,02:00:00,,"Playlist for September 14, 2010",,,,,no,no,,,wfit
no,wfit,2010-09-21,22:00,02:00:00,,"Playlist for September 21, 2010",,,,,no,no,,,wfit
no,wfit,2010-09-28,22:00,02:00:00,,"Playlist for September 28, 2010",,,,,no,no,,,wfit
no,wfit,2010-10-12,22:00,02:00:00,,"Playlist for October 12, 2010",,,,,no,no,,,wfit
no,wfit,2010-10-26,22:00,02:00:00,,"Playlist for October 26, 2010",,,,,no,no,,,wfit
no,wfit,2010-11-02,22:00,02:00:00,,"Playlist for November 2, 2010",,,,,no,no,,,wfit
no,wfit,2010-11-09,22:00,02:00:00,,"Playlist for November 9, 2010",,,,,no,no,,,wfit
no,wfit,2010-11-16,22:00,02:00:00,,"Playlist for November 16, 2010",,,,,no,no,,,wfit
no,wfit,2010-11-23,22:00,02:00:00,,"Playlist for November 23, 2010",,,,,no,no,,,wfit
no,wfit,2010-11-30,22:00,02:00:00,,"Playlist for November 30, 2010",,,,,no,no,,,wfit
no,wfit,2010-12-07,22:00,02:00:00,,"Playlist for December 7, 2010",,,,,no,no,,,wfit
no,wfit,2010-12-14,22:00,02:00:00,,"Playlist for December 14, 2010",,,,,no,no,,,wfit
no,wfit,2010-12-21,22:00,02:00:00,,"Playlist for December 21, 2010",,,,,no,no,,,wfit
no,wfit,2011-01-11,22:00,02:00:00,,"Playlist for January 11, 2011",,,,,no,no,,,wfit
no,wfit,2011-01-18,22:00,02:00:00,,"Playlist for January 18, 2011",,,,,no,no,,,wfit
no,wfit,2011-02-01,22:00,02:00:00,,"Playlist for February 1, 2011",,,,,no,no,,,wfit
no,wfit,2011-02-08,22:00,02:00:00,,"Playlist for February 8, 2011",,,,,no,no,,,wfit
no,wfit,2011-02-15,22:00,02:00:00,,"Playlist for February 15, 2011",,,,,no,no,,,wfit
no,wfit,2011-02-22,22:00,02:00:00,,"Playlist for February 22, 2011",,,,,no,no,,,wfit
no,wfit,2011-03-01,22:00,02:00:00,,"Playlist for March 1, 2011",,,,,no,no,,,wfit
no,wfit,2011-03-15,22:00,02:00:00,,"Playlist for March 15, 2011",,,,,no,no,,,wfit
no,wfit,2011-03-29,22:00,02:00:00,,"Playlist for March 29, 2011",,,,,no,no,,,wfit
no,wfit,2011-04-12,22:00,02:00:00,,"Playlist for April 12, 2011",,,,,no,no,,,wfit
no,wfit,2011-04-19,22:00,02:00:00,,"Playlist for April 19, 2011",,,,,no,no,,,wfit
no,wfit,2011-05-03,22:00,02:00:00,,"Playlist for May 3, 2011",,,,,no,no,,,wfit
no,wfit,2011-05-10,22:00,02:00:00,,"Playlist for May 10, 2011",,,,,no,no,,,wfit
no,wfit,2011-05-24,22:00,02:00:00,,"Playlist for May 24, 2011",,,,,no,no,,,wfit
no,wfit,2011-05-31,22:00,02:00:00,,"Playlist for May 31, 2011",,,,,no,no,,,wfit
no,wfit,2011-06-14,22:00,02:00:00,,"Playlist for June 14, 2011",,,,,no,no,,,wfit
no,wfit,2011-06-21,22:00,02:00:00,,"Playlist for June 21, 2011",,,,,no,no,,,wfit
no,wfit,2011-06-28,22:00,02:00:00,,"Playlist for June 28, 2011",,,,,no,no,,,wfit
no,wfit,2011-09-13,22:00,02:00:00,,"Playlist for September 13, 2011",,,,,no,no,,,wfit
no,wfit,2011-09-27,22:00,02:00:00,,"Playlist for September 27, 2011",,,,,no,no,,,wfit
no,wfit,2011-10-04,22:00,02:00:00,,"Playlist for October 4, 2011",,,,,no,no,,,wfit
no,wfit,2011-10-11,22:00,02:00:00,,"Playlist for October 11, 2011",,,,,no,no,,,wfit
no,wfit,2011-10-18,22:00,02:00:00,,"Playlist for October 18, 2011",,,,,no,no,,,wfit
no,wfit,2011-10-25,22:00,02:00:00,,"Playlist for October 25, 2011",,,,,no,no,,,wfit
no,wfit,2011-11-01,22:00,02:00:00,,"Playlist for November 1, 2011",,,,,no,no,,,wfit
no,wfit,2011-11-22,22:00,02:00:00,,"Playlist for November 22, 2011",,,,,no,no,,,wfit
no,wfit,2011-11-29,22:00,02:00:00,,"Playlist for November 29, 2011",,,,,no,no,,,wfit
no,wfit,2011-12-20,22:00,02:00:00,,"Playlist for December 20, 2011",,,,,no,no,,,wfit
no,wfit,2012-01-03,22:00,02:00:00,,"Playlist for January 3, 2012",,,,,no,no,,,wfit
no,wfit,2012-01-10,22:00,02:00:00,,"Playlist for January 10, 2012",,,,,no,no,,,wfit
yes,lather-rinse-repeat,2012-01-17,00:00,00:59:48,0090,Lather Rinse Repeat,"January 17, 2012","Acoustic punk rock is always a dicey proposition, but The Future Kings of Nowhere and Shayne O’Neill rip through the genre like a blowtorch on toilet paper. Slick!",0090.lather-rinse-repeat.mp3,28706112,no,no,podcast/0090-future-kings-of-nowhere.jpg,The Future Kings of Nowhere,podcast
no,wfit,2012-01-17,22:00,02:00:00,,"Playlist for January 17, 2012",,,,,no,no,,,wfit
yes,fit-but-you-know-it,2012-01-24,00:00,00:59:31,0091,Fit But You Know It,"January 24, 2012","There’s something simply ADORABLE about a rapper with a British accent. Mike Skinner is no longer fronting the project, but expect more great things from him.",0091.fit-but-you-know-it.mp3,28569024,no,no,podcast/0091-the-streets.jpg,The Streets,podcast
yes,nero-worst-dressed,2012-01-31,00:00,01:00:31,0092,Nero Worst Dressed,"January 31, 2012","It’s a hard turn to the left from Mexican funk pop to electronic soundscapes, but Sara Valenzuela has made the transition well.",0092.nero-worst-dressed.mp3,29045760,no,no,podcast/0092-sara-valenzuela.jpg,Sara Valenzuela,podcast
no,wfit,2012-01-31,22:00,02:00:00,,"Playlist for January 31, 2012",,,,,no,no,,,wfit
yes,take-stuff-from-work,2012-02-07,00:00,00:59:46,0093,Take Stuff From Work,"February 7, 2012","It must be heartbreaking to be a slapdash concoction of musical genius… in Alabama. The Sex Clark Five were done and gone by the time the world really took notice, but we can still enjoy the limited artifacts they left behind.",0093.take-stuff-from-work.mp3,28688064,no,no,podcast/0093-sex-clark-five.jpg,Sex Clark Five,podcast
no,wfit,2012-02-07,22:00,02:00:00,,"Playlist for February 7, 2012",,,,,no,no,,,wfit
yes,crown-the-clown,2012-02-14,00:00,00:59:16,0094,Crown The Clown,"February 14, 2012","Despite coming from the hollers of Portland, Oregon, Hillstomp still manage to churn out the kind of thrumming crackle only a guitar-and-washboard duo can provide.",0094.crown-the-clown.mp3,28450752,no,no,podcast/0094-hillstomp.jpg,Hillstomp,podcast
no,wfit,2012-02-14,22:00,02:00:00,,"Playlist for February 14, 2012",,,,,no,no,,,wfit
yes,complicated-music-hour,2012-02-17,00:00,01:01:01,0095,Complicated Music Hour,"February 17, 2012",It’s worth repeating: This is a music hour that is complicated. Any other interpretations based on how you chose to associate the words are strictly your problem.,0095.complicated-music-hour.mp3,29285563,no,no,podcast/0095-secret-chiefs-3.jpg,Secret Chiefs 3,podcast
no,wfit,2012-02-21,22:00,02:00:00,,"Playlist for February 21, 2012",,,,,no,no,,,wfit
no,wfit,2012-02-28,22:00,02:00:00,,"Playlist for February 28, 2012",,,,,no,no,,,wfit
yes,gotta-go,2012-03-06,00:00,00:59:56,0096,Gotta Go,"March 6, 2012",The Bronco Busters were an all-girl outfit whose brief career had me wishing I was a bronco. One listen to their track and you’ll be feeling your oats as well.,0096.gotta-go.mp3,28769856,no,no,podcast/0096-bronco-busters.jpg,Bronco Busters,podcast
no,wfit,2012-03-06,22:00,02:00:00,,"Playlist for March 6, 2012",,,,,no,no,,,wfit
no,wfit,2012-03-13,22:00,02:00:00,,"Playlist for March 13, 2012",,,,,no,no,,,wfit
yes,bicycle-kid,2012-03-14,00:00,00:57:48,0097,Bicycle Kid,"March 14, 2012","It’s simple mathematics. Given an “N-th Anniversary of Spinal Tap”, there is no known value for N that will not make you state “crap, Spinal tap was N years ago?”",0097.bicycle-kid.mp3,27746688,no,no,podcast/0097-spinal-tap.jpg,Spinal Tap (courtesy of the band),podcast
yes,pickin-the-chicken,2012-03-20,00:00,00:58:53,0098,Pickin’ The Chicken,"March 20, 2012","Is it noise, or is it Memorex? The Boredomes don’t seem to care much, as long as they get to make their fine, fine racket.",0098.pickin-the-chicken.mp3,28265472,no,no,podcast/0098-boredoms.jpg,Boredoms,podcast
no,wfit,2012-03-20,22:00,02:00:00,,"Playlist for March 20, 2012",,,,,no,no,,,wfit
yes,revu-rockers,2012-03-27,00:00,01:01:07,0099,Revu Rockers,"March 27, 2012","Chopping and channeling norteño music and dance beats, the Nortec Collective blows up like a cheap piñata. Have some candy.",0099.revu-rockers.mp3,29335872,no,no,podcast/0099-nortec-collective.jpg,Nortec Collective,podcast
no,wfit,2012-03-27,22:00,02:00:00,,"Playlist for March 27, 2012",,,,,no,no,,,wfit
no,wfit,2012-04-17,22:00,02:00:00,,"Playlist for April 17, 2012",,,,,no,no,,,wfit
no,wfit,2012-05-01,22:00,02:00:00,,"Playlist for May 1, 2012",,,,,no,no,,,wfit
no,wfit,2012-05-08,22:00,02:00:00,,"Playlist for May 8, 2012",,,,,no,no,,,wfit
no,wfit,2012-06-19,22:00,02:00:00,,"Playlist for June 19, 2012",,,,,no,no,,,wfit
no,wfit,2012-09-04,22:00,02:00:00,,"Playlist for September 4, 2012",,,,,no,no,,,wfit
no,wfit,2012-09-11,22:00,02:00:00,,"Playlist for September 11, 2012",,,,,no,no,,,wfit
no,wfit,2012-10-02,22:00,02:00:00,,"Playlist for October 2, 2012",,,,,no,no,,,wfit
no,wfit,2012-10-23,22:00,02:00:00,,"Playlist for October 23, 2012",,,,,no,no,,,wfit
no,wfit,2012-10-30,22:00,02:00:00,,"Playlist for October 30, 2012",,,,,no,no,,,wfit
no,wfit,2012-11-13,22:00,02:00:00,,"Playlist for November 13, 2012",,,,,no,no,,,wfit
no,wfit,2012-11-20,22:00,02:00:00,,"Playlist for November 20, 2012",,,,,no,no,,,wfit
no,wfit,2012-12-04,22:00,02:00:00,,"Playlist for December 4, 2012",,,,,no,no,,,wfit
no,wfit,2012-12-11,22:00,02:00:00,,"Playlist for December 11, 2012",,,,,no,no,,,wfit
no,wfit,2012-12-18,22:00,02:00:00,,"Playlist for December 18, 2012",,,,,no,no,,,wfit
no,wfit,2013-01-08,22:00,02:00:00,,"Playlist for January 8, 2013",,,,,no,no,,,wfit
no,wfit,2013-01-15,22:00,02:00:00,,"Playlist for January 15, 2013",,,,,no,no,,,wfit
no,wfit,2013-01-22,22:00,02:00:00,,"Playlist for January 22, 2013",,,,,no,no,,,wfit
no,wfit,2013-01-29,22:00,02:00:00,,"Playlist for January 29, 2013",,,,,no,no,,,wfit
no,wfit,2013-02-05,22:00,02:00:00,,"Playlist for February 5, 2013",,,,,no,no,,,wfit
no,wfit,2013-02-12,22:00,02:00:00,,"Playlist for February 12, 2013",,,,,no,no,,,wfit
no,wfit,2013-02-19,22:00,02:00:00,,"Playlist for February 19, 2013",,,,,no,no,,,wfit
no,wfit,2013-02-26,22:00,02:00:00,,"Playlist for February 26, 2013",,,,,no,no,,,wfit
no,wfit,2013-03-19,22:00,02:00:00,,"Playlist for March 19, 2013",,,,,no,no,,,wfit
no,wfit,2013-03-26,22:00,02:00:00,,"Playlist for March 26, 2013",,,,,no,no,,,wfit
no,wfit,2013-04-02,22:00,02:00:00,,"Playlist for April 2, 2013",,,,,no,no,,,wfit
no,wfit,2013-04-09,22:00,02:00:00,,Replay of 2012-10-30,,,,,no,no,,,wfit
no,wfit,2013-04-30,22:00,02:00:00,,"Playlist for April 30, 2013",,,,,no,no,,,wfit
no,wfit,2013-05-07,22:00,02:00:00,,"Playlist for May 7, 2013",,,,,no,no,,,wfit
no,wfit,2013-05-21,22:00,02:00:00,,"Playlist for May 21, 2013",,,,,no,no,,,wfit
no,wfit,2013-05-28,22:00,02:00:00,,"Playlist for May 28, 2013",,,,,no,no,,,wfit
no,wfit,2013-06-04,22:00,02:00:00,,"Playlist for June 4, 2013",,,,,no,no,,,wfit
no,wfit,2013-06-11,22:00,02:00:00,,"Playlist for June 11, 2013",,,,,no,no,,,wfit
no,wfit,2013-06-25,22:00,02:00:00,,"Playlist for June 25, 2013",,,,,no,no,,,wfit
no,wfit,2013-07-02,22:00,02:00:00,,"Playlist for July 2, 2013",,,,,no,no,,,wfit
no,wfit,2013-07-30,22:00,02:00:00,,"Playlist for July 30, 2013",,,,,no,no,,,wfit
no,wfit,2013-08-06,22:00,02:00:00,,"Playlist for August 6, 2013",,,,,no,no,,,wfit
no,wfit,2013-08-13,22:00,02:00:00,,"Playlist for August 13, 2013",,,,,no,no,,,wfit
no,wfit,2013-09-02,22:00,02:00:00,,"Playlist for September 2, 2013",,,,,no,no,,,wfit
no,wfit,2013-10-01,22:00,02:00:00,,"Playlist for October 1, 2013",,,,,no,no,,,wfit
no,wfit,2013-10-08,22:00,02:00:00,,"Playlist for October 8, 2013",,,,,no,no,,,wfit
no,wfit,2013-10-15,22:00,02:00:00,,Replay of 2012-05-01,,,,,no,no,,,wfit
no,wfit,2013-10-22,22:00,02:00:00,,Replay of 2013-10-02,,,,,no,no,,,wfit
no,wfit,2013-10-29,22:00,02:00:00,,"Playlist for October 29, 2013",,,,,no,no,,,wfit
no,wfit,2013-11-05,22:00,02:00:00,,Replay of 2012-10-30,,,,,no,no,,,wfit
no,wfit,2013-11-12,22:00,02:00:00,,Replay of 2013-11-20,,,,,no,no,,,wfit
no,wfit,2013-11-19,22:00,02:00:00,,Replay of 2012-11-13,,,,,no,no,,,wfit
no,wfit,2013-11-26,22:00,02:00:00,,Replay of 2011-11-01,,,,,no,no,,,wfit
no,wfit,2013-12-03,22:00,02:00:00,,???,,,,,no,no,,,wfit
no,wfit,2013-12-10,22:00,02:00:00,,???,,,,,no,no,,,wfit
no,wfit,2013-12-17,22:00,02:00:00,,???,,,,,no,no,,,wfit
no,wfit,2013-12-24,22:00,02:00:00,,WFIT PROGRAMMING,,,,,no,no,,,wfit
no,wfit,2013-12-31,22:00,02:00:00,,WFIT PROGRAMMING,,,,,no,no,,,wfit
no,wfit,2014-01-07,22:00,02:00:00,,"Playlist for January 7, 2014",,,,,no,no,,,wfit
no,wfit,2014-01-14,22:00,02:00:00,,"Playlist for January 14, 2014",,,,,no,no,,,wfit
no,wfit,2014-01-21,22:00,02:00:00,,"Playlist for January 21, 2014",,,,,no,no,,,wfit
no,wfit,2014-01-28,22:00,02:00:00,,Replay of 2012-03-20,,,,,no,no,,,wfit
no,wfit,2014-02-04,22:00,02:00:00,,"Playlist for February 4, 2014",,,,,no,no,,,wfit
no,wfit,2014-02-11,22:00,02:00:00,,"Playlist for February 11, 2014",,,,,no,no,,,wfit
no,wfit,2014-02-18,22:00,02:00:00,,"Playlist for February 18, 2014",,,,,no,no,,,wfit
no,wfit,2014-02-25,22:00,02:00:00,,"Playlist for February 25, 2014",,,,,no,no,,,wfit
no,wfit,2014-03-04,22:00,02:00:00,,"Playlist for March 4, 2014",,,,,no,no,,,wfit
no,wfit,2014-03-11,22:00,02:00:00,,"Playlist for March 11, 2014",,,,,no,no,,,wfit
no,wfit,2014-03-18,22:00,02:00:00,,"Playlist for March 18, 2014",,,,,no,no,,,wfit
no,wfit,2014-03-25,22:00,02:00:00,,"Playlist for March 25, 2014",,,,,no,no,,,wfit
no,wfit,2014-04-01,22:00,02:00:00,,"Playlist for April 1, 2014",,,,,no,no,,,wfit
no,wfit,2014-04-08,22:00,02:00:00,,Replay of 2011-02-22,,,,,no,no,,,wfit
no,wfit,2014-04-15,22:00,02:00:00,,Replay of 2011-10-12,,,,,no,no,,,wfit
no,wfit,2014-04-22,22:00,02:00:00,,???,,,,,no,no,,,wfit
no,wfit,2014-04-29,22:00,02:00:00,,"Playlist for April 29, 2014",,,,,no,no,,,wfit
no,wfit,2014-05-06,22:00,02:00:00,,???,,,,,no,no,,,wfit
no,wfit,2014-05-13,22:00,02:00:00,,Replay of 2009-03-31,,,,,no,no,,,wfit
no,wfit,2014-05-20,22:00,02:00:00,,???,,,,,no,no,,,wfit
no,wfit,2014-05-27,22:00,02:00:00,,Replay of 2009-05-19,,,,,no,no,,,wfit
no,wfit,2014-06-03,22:00,02:00:00,,Replay of 2009-06-09,,,,,no,no,,,wfit
no,wfit,2014-06-10,22:00,02:00:00,,Replay of 2008-09-23,,,,,no,no,,,wfit
no,wfit,2014-06-17,22:00,02:00:00,,"Playlist for June 17, 2014",,,,,no,no,,,wfit
no,wfit,2014-06-24,22:00,02:00:00,,"Playlist for June 24, 2014",,,,,no,no,,,wfit
no,wfit,2014-07-01,22:00,02:00:00,,Replay of 2011-03-01,,,,,no,no,,,wfit
no,wfit,2014-07-08,22:00,02:00:00,,Replay of 2010-12-07,,,,,no,no,,,wfit
no,wfit,2014-07-15,22:00,02:00:00,,Replay of 2011-03-15,,,,,no,no,,,wfit
no,wfit,2014-07-22,22:00,02:00:00,,Replay of 2009-05-13,,,,,no,no,,,wfit
no,wfit,2014-07-29,22:00,02:00:00,,Replay of 2013-05-21,,,,,no,no,,,wfit
no,wfit,2014-08-05,22:00,02:00:00,,Replay of 2009-05-13,,,,,no,no,,,wfit
no,wfit,2014-08-12,22:00,02:00:00,,Replay of 2012-03-20,,,,,no,no,,,wfit
no,wfit,2014-08-19,22:00,02:00:00,,Replay of 2011-10-18,,,,,no,no,,,wfit
no,wfit,2014-08-26,22:00,02:00:00,,Replay of 2013-05-28,,,,,no,no,,,wfit
no,wfit,2014-09-02,22:00,02:00:00,,"Playlist for September 2, 2014",,,,,no,no,,,wfit
no,wfit,2014-09-09,22:00,02:00:00,,"Playlist for September 9, 2014",,,,,no,no,,,wfit
no,wfit,2014-09-16,22:00,02:00:00,,"Playlist for September 16, 2014",,,,,no,no,,,wfit
no,wfit,2014-09-23,22:00,02:00:00,,???,,,,,no,no,,,wfit
no,wfit,2014-09-30,22:00,02:00:00,,"Playlist for September 30, 2014",,,,,no,no,,,wfit
no,wfit,2014-10-07,22:00,02:00:00,,Replay of 2009-02-17,,,,,no,no,,,wfit
no,wfit,2014-10-14,22:00,02:00:00,,"Playlist for October 14, 2014",,,,,no,no,,,wfit
no,wfit,2014-10-21,22:00,02:00:00,,"Playlist for October 21, 2014",,,,,no,no,,,wfit
no,wfit,2014-10-28,22:00,02:00:00,,"Playlist for October 28, 2014",,,,,no,no,,,wfit
no,wfit,2014-11-04,22:00,02:00:00,,"Playlist for November 4, 2014",,,,,no,no,,,wfit
no,wfit,2014-11-11,22:00,02:00:00,,"Playlist for November 11, 2014",,,,,no,no,,,wfit
no,wfit,2014-11-18,22:00,02:00:00,,"Playlist for November 18, 2014",,,,,no,no,,,wfit
no,wfit,2014-11-25,22:00,02:00:00,,"Playlist for November 25, 2014",,,,,no,no,,,wfit
no,wfit,2014-12-02,22:00,02:00:00,,Replay of 2011-01-11,,,,,no,no,,,wfit
no,wfit,2014-12-09,22:00,02:00:00,,Replay of 2008-09-30,,,,,no,no,,,wfit
no,wfit,2014-12-16,22:00,02:00:00,,Replay of 2008-10-07,,,,,no,no,,,wfit
no,wfit,2014-12-23,22:00,02:00:00,,Replay of 2008-10-14,,,,,no,no,,,wfit
no,wfit,2014-12-30,22:00,02:00:00,,WFIT PROGRAMMING,,,,,no,no,,,wfit
no,wfit,2015-01-06,22:00,02:00:00,,WFIT PROGRAMMING,,,,,no,no,,,wfit
no,wfit,2015-01-13,22:00,02:00:00,,Replay of 2013-01-22,,,,,no,no,,,wfit
no,wfit,2015-01-20,22:00,02:00:00,,Replay of 2012-03-27,,,,,no,no,,,wfit
no,wfit,2015-01-27,22:00,02:00:00,,Replay of 2013-08-13,,,,,no,no,,,wfit
no,wfit,2015-02-03,22:00,02:00:00,,Replay of 2013-07-02,,,,,no,no,,,wfit
no,wfit,2015-02-10,22:00,02:00:00,,???,,,,,no,no,,,wfit
no,wfit,2015-02-17,22:00,02:00:00,,???,,,,,no,no,,,wfit
no,wfit,2015-02-24,22:00,02:00:00,,"Playlist for February 24, 2015",,,,,no,no,,,wfit
no,wfit,2015-03-03,22:00,02:00:00,,Replay of 2010-08-31,,,,,no,no,,,wfit
no,wfit,2015-03-10,22:00,02:00:00,,Fund Drive,,,,,no,no,,,wfit
no,wfit,2015-03-17,22:00,02:00:00,,"Playlist for March 17, 2015",,,,,no,no,,,wfit
no,wfit,2015-03-24,22:00,02:00:00,,"Playlist for March 24, 2015",,,,,no,no,,,wfit
no,wfit,2015-03-31,22:00,02:00:00,,Replay of 2013-01-22,,,,,no,no,,,wfit
no,wfit,2015-04-07,22:00,02:00:00,,"Playlist for April 7, 2015",,,,,no,no,,,wfit
no,wfit,2015-04-14,22:00,02:00:00,,???,,,,,no,no,,,wfit
no,wfit,2015-04-21,22:00,02:00:00,,"Playlist for April 21, 2015",,,,,no,no,,,wfit
no,wfit,2015-04-28,22:00,02:00:00,,Replay of 2012-09-11,,,,,no,no,,,wfit
no,wfit,2015-05-05,22:00,02:00:00,,"Playlist for May 5, 2015",,,,,no,no,,,wfit
no,wfit,2015-05-12,22:00,02:00:00,,"Playlist for May 12, 2015",,,,,no,no,,,wfit
no,wfit,2015-05-19,22:00,02:00:00,,Replay of 2013-06-25,,,,,no,no,,,wfit
no,wfit,2015-05-26,22:00,02:00:00,,Replay of 2011-02-15,,,,,no,no,,,wfit
no,wfit,2015-06-02,22:00,02:00:00,,???,,,,,no,no,,,wfit
no,wfit,2015-06-09,22:00,02:00:00,,"Playlist for June 9, 2015",,,,,no,no,,,wfit
no,wfit,2015-06-16,22:00,02:00:00,,"Playlist for June 16, 2015",,,,,no,no,,,wfit
no,wfit,2015-06-23,22:00,02:00:00,,"Playlist for June 23, 2015",,,,,no,no,,,wfit
no,wfit,2015-06-30,22:00,02:00:00,,"Playlist for June 30, 2015",,,,,no,no,,,wfit
no,wfit,2015-07-07,22:00,02:00:00,,Replay of 2010-04-13,,,,,no,no,,,wfit
no,wfit,2015-07-14,22:00,02:00:00,,???,,,,,no,no,,,wfit
no,wfit,2015-07-21,22:00,02:00:00,,Replay of 2010-09-21,,,,,no,no,,,wfit
no,wfit,2015-07-28,22:00,02:00:00,,Replay of 2013-01-22,,,,,no,no,,,wfit
no,wfit,2015-08-04,22:00,02:00:00,,"Playlist for August 4, 2015",,,,,no,no,,,wfit
no,wfit,2015-08-11,22:00,02:00:00,,"Playlist for August 11, 2015",,,,,no,no,,,wfit
no,wfit,2015-08-18,22:00,02:00:00,,"Playlist for August 18, 2015",,,,,no,no,,,wfit
no,wfit,2015-08-25,22:00,02:00:00,,"Playlist for August 25, 2015",,,,,no,no,,,wfit
no,wfit,2015-09-01,22:00,02:00:00,,"Playlist for September 1, 2015",,,,,no,no,,,wfit
no,wfit,2015-09-06,22:00,02:00:00,,"Playlist for September 6, 2015",,,,,no,no,,,wfit
no,wfit,2015-09-08,22:00,02:00:00,,"Playlist for September 8, 2015",,,,,no,no,,,wfit
no,wfit,2015-09-15,22:00,02:00:00,,"Playlist for September 15, 2015",,,,,no,no,,,wfit
no,wfit,2015-09-22,22:00,02:00:00,,"Playlist for September 22, 2015",,,,,no,no,,,wfit
no,wfit,2015-09-29,22:00,02:00:00,,???,,,,,no,no,,,wfit
no,wfit,2015-10-06,22:00,02:00:00,,"Playlist for October 6, 2015",,,,,no,no,,,wfit
no,wfit,2015-10-13,22:00,02:00:00,,"Playlist for October 13, 2015",,,,,no,no,,,wfit
no,wfit,2015-10-20,22:00,02:00:00,,"Playlist for October 20, 2015",,,,,no,no,,,wfit
no,wfit,2015-10-27,22:00,02:00:00,,"Playlist for October 27, 2015",,,,,no,no,,,wfit
no,wfit,2015-11-03,22:00,02:00:00,,"Playlist for November 3, 2015",,,,,no,no,,,wfit
no,wfit,2015-11-10,22:00,02:00:00,,"Playlist for November 10, 2015",,,,,no,no,,,wfit
no,wfit,2015-11-17,22:00,02:00:00,,???,,,,,no,no,,,wfit
no,wfit,2015-11-24,22:00,02:00:00,,Replay of 2013-04-30,,,,,no,no,,,wfit
no,wfit,2015-12-01,22:00,02:00:00,,"Playlist for December 1, 2015",,,,,no,no,,,wfit
no,wfit,2015-12-08,22:00,02:00:00,,"Playlist for December 8, 2015",,,,,no,no,,,wfit
no,wfit,2015-12-15,22:00,02:00:00,,???,,,,,no,no,,,wfit
no,wfit,2015-12-22,22:00,02:00:00,,"Playlist for December 22, 2015",,,,,no,no,,,wfit
no,wfit,2015-12-29,22:00,02:00:00,,Replay of 2014-11-25,,,,,no,no,,,wfit
no,wfit,2016-01-05,22:00,02:00:00,,Replay of 2014-09-09,,,,,no,no,,,wfit
no,wfit,2016-01-12,22:00,02:00:00,,"Playlist for January 12, 2016",,,,,no,no,,,wfit
no,wfit,2016-01-19,22:00,02:00:00,,"Playlist for January 19, 2016",,,,,no,no,,,wfit
no,wfit,2016-01-26,22:00,02:00:00,,Replay of 2012-06-19,,,,,no,no,,,wfit
no,wfit,2016-02-02,22:00,02:00:00,,???,,,,,no,no,,,wfit
no,wfit,2016-02-09,22:00,02:00:00,,Replay of 2015-06-09,,,,,no,no,,,wfit
no,wfit,2016-02-16,22:00,02:00:00,,"Playlist for February 16, 2016",,,,,no,no,,,wfit
no,wfit,2016-02-23,22:00,02:00:00,,"Playlist for February 23, 2016",,,,,no,no,,,wfit
no,wfit,2016-03-01,22:00,02:00:00,,Doctor Doctor,,,,,no,no,,,wfit
no,wfit,2016-03-08,22:00,02:00:00,,Under The Waves,,,,,no,no,,,wfit
no,wfit,2016-03-15,22:00,02:00:00,,???,,,,,no,no,,,wfit
no,wfit,2016-03-22,22:00,02:00:00,,???,,,,,no,no,,,wfit
no,wfit,2016-03-29,22:00,02:00:00,,Replay of 2015-05-05,,,,,no,no,,,wfit
no,wfit,2016-04-05,22:00,02:00:00,,School’s Out,,,,,no,no,,,wfit
no,wfit,2016-04-12,22:00,02:00:00,,Replay of 2015-08-04,,,,,no,no,,,wfit
no,wfit,2016-04-19,22:00,02:00:00,,Replay of 2011-01-11,,,,,no,no,,,wfit
no,wfit,2016-04-26,22:00,02:00:00,,Replay of 2015-02-24,,,,,no,no,,,wfit
no,wfit,2016-05-03,22:00,02:00:00,,"Playlist for May 3, 2016",,,,,no,no,,,wfit
no,wfit,2016-05-10,22:00,02:00:00,,Replay of 2010-04-13,,,,,no,no,,,wfit
no,wfit,2016-05-17,22:00,02:00:00,,"Playlist for May 17, 2016",,,,,no,no,,,wfit
no,wfit,2016-05-24,22:00,02:00:00,,Replay of 2015-06-08,,,,,no,no,,,wfit
no,wfit,2016-05-31,22:00,02:00:00,,"Playlist for May 31, 2016",,,,,no,no,,,wfit
no,wfit,2016-06-07,22:00,02:00:00,,"Playlist for June 7, 2016",,,,,no,no,,,wfit
no,wfit,2016-06-14,22:00,02:00:00,,"Playlist for June 14, 2016",,,,,no,no,,,wfit
no,wfit,2016-06-22,22:00,02:00:00,,"Playlist for June 22, 2016",,,,,no,no,,,wfit
no,wfit,2016-06-29,22:00,02:00:00,,"Playlist for June 29, 2016",,,,,no,no,,,wfit
no,wfit,2016-07-05,22:00,02:00:00,,"Playlist for July 5, 2016",,,,,no,no,,,wfit
no,wfit,2016-07-12,22:00,02:00:00,,"Playlist for July 12, 2016",,,,,no,no,,,wfit
no,wfit,2016-07-19,22:00,02:00:00,,"Playlist for July 19, 2016",,,,,no,no,,,wfit
no,wfit,2016-07-26,22:00,02:00:00,,"Playlist for July 26, 2016",,,,,no,no,,,wfit
no,wfit,2016-08-02,22:00,02:00:00,,"Playlist for August 2, 2016",,,,,no,no,,,wfit
no,wfit,2016-08-09,22:00,02:00:00,,???,,,,,no,no,,,wfit
no,wfit,2016-08-16,22:00,02:00:00,,Replay of 2015-08-25,,,,,no,no,,,wfit
no,wfit,2016-08-23,22:00,02:00:00,,"Playlist for August 23, 2016",,,,,no,no,,,wfit
no,wfit,2016-08-30,22:00,02:00:00,,"Playlist for August 30, 2016",,,,,no,no,,,wfit
yes,keep-brevard-weird,2016-09-06,00:00,02:14:16,0100,Keep Brevard Weird,"September 6, 2016","This is the final episode of The Lacking Organization broadcast on WFIT on September 6, 2016. It features guests Ryan Blount and Patty Bleu, who perform songs from their upcoming split 7"" and get dragged down the verbal path by yours truly. In between and all around, we play a selection of original music originating in the Brevard County, Florida area, ranging from the last 30 years.
<!--more-->
I would like to thank everyone who contributed music for this episode. I received so many amazing entries, but in the end I had about three times more music than I could fit. I picked a couple of personal favorites and let the random do its business. If you sent me a track and it's not here, I apologize for the luck of the draw.

It has been a pleasure to bring this haphazard collection of random sonic excursions to the ears of listeners in Brevard County for eight years. I appreciate all the emails, tweets, messages, and phone calls, even if they have gone unanswered in the frantic cycle that is a weekly radio show. The Lacking Organization may now be off the air, but as one door closes, many others open. Stay tuned for the return of this mess of a musical aggregate in one form or another!",0100.keep-brevard-weird.mp3,96679021,no,no,podcast/0100-keep-brevard-weird.jpg,"Farewell, Space Coast",podcast
no,wfit,2016-09-06,22:00,02:00:00,,"Playlist for September 6, 2016",,,,,no,no,,,wfit
no,kafm,2017-10-06,21:00,03:00:00,,Fresh Tracks,,,,,no,no,,,kafm
no,kafm,2017-10-12,21:00,03:00:00,,Radio Rapture,,,,,no,no,,,kafm
no,kafm,2017-10-26,21:00,03:00:00,,Radio Rapture,,,,,no,no,,,kafm
no,kafm,2017-11-23,21:00,03:00:00,,Radio Rapture - Thanksgiving Special 2017,,,,,no,no,,,kafm
yes,kafm,2017-12-12,21:00,03:00:00,,"Playlist for December 12, 2017",,,,,no,no,artists/2018/mo_kenney.jpg,Mo Kenney,kafm
yes,kafm,2017-12-26,21:00,03:00:00,,"Playlist for December 26, 2017",,,,,no,no,artists/2018/lisa_leblanc.jpg,Lisa LeBlanc,kafm
yes,kafm,2018-01-09,21:00,03:00:00,,"Playlist for January 9, 2018",,,,,no,no,artists/2018/la_louma.jpg,La Louma,kafm
yes,kafm,2018-01-23,21:00,03:00:00,,"Playlist for January 23, 2018",,,,,no,no,artists/2018/sharon_jones.jpg,Sharon Jones,kafm
yes,kafm,2018-02-06,21:00,03:00:00,,"Playlist for February 6, 2018",,,,,no,no,artists/2018/jeff_rosenstock.jpg,Jeff Rosenstock,kafm
yes,kafm,2018-02-20,21:00,03:00:00,,"Playlist for February 20, 2018",,,,,no,no,artists/2018/swarming_branch.jpg,Swarming Branch,kafm
yes,kafm,2018-02-27,21:00,03:00:00,,"Playlist for February 27, 2018",,,,,no,no,artists/2018/filthy_friends.jpg,Filthy Friends,kafm
yes,kafm,2018-03-20,21:00,03:00:00,,"Playlist for March 20, 2018",,,,,no,no,artists/2018/grand_analog.jpg,Grand Analog,kafm
yes,kafm,2018-04-03,21:00,03:00:00,,"Playlist for April 3, 2018",,,,,no,no,artists/2018/belle_and_sebastian.jpg,Belle and Sebastian,kafm
yes,kafm,2018-04-17,21:00,03:00:00,,"Playlist for April 17, 2018",,,,,no,no,artists/2018/screaming_females.jpg,Screaming Females,kafm
yes,kafm,2018-05-01,21:00,03:00:00,,"Playlist for May 1, 2018",,,,,no,no,artists/2018/naked_giants.jpg,Naked Giants,kafm
yes,kafm,2018-05-15,21:00,03:00:00,,"Playlist for May 15, 2018",,,,,no,no,artists/2018/post_animal.jpg,Post Animal,kafm
yes,kafm,2018-05-29,21:00,03:00:00,,"Playlist for May 29, 2018",,,,,no,no,artists/2018/beach_house.jpg,Beach House,kafm
